<rts.PhysicalGameState width="12" height="12">
  <terrain>000000000000000000000000000000000000000000000000000000000000000000000000000000000000000000000000000000000000000000000000000000000000000000000000</terrain>
  <players>
    <rts.Player ID="0" resources="5">
    </rts.Player>
    <rts.Player ID="1" resources="5">
    </rts.Player>
  </players>
  <units>
    <rts.units.Unit type="Resource" ID="37" player="-1" x="11" y="11" resources="20" hitpoints="1" >
    </rts.units.Unit>
    <rts.units.Unit type="Base" ID="44" player="1" x="11" y="9" resources="0" hitpoints="10" >
    </rts.units.Unit>
    <rts.units.Unit type="Resource" ID="48" player="-1" x="0" y="0" resources="20" hitpoints="1" >
    </rts.units.Unit>
    <rts.units.Unit type="Base" ID="55" player="0" x="0" y="2" resources="0" hitpoints="10" >
    </rts.units.Unit>
    <rts.units.Unit type="Worker" ID="58" player="0" x="0" y="1" resources="0" hitpoints="1" >
    </rts.units.Unit>
    <rts.units.Unit type="Worker" ID="59" player="1" x="11" y="10" resources="0" hitpoints="1" >
    </rts.units.Unit>
  </units>
</rts.PhysicalGameState>
