<rts.PhysicalGameState width="10" height="10">
  <terrain>0000000000000000000000000000000000000000000000000000000000000000000000000000000000000000000000000000</terrain>
  <players>
    <rts.Player ID="0" resources="5">
    </rts.Player>
    <rts.Player ID="1" resources="5">
    </rts.Player>
  </players>
  <units>
    <rts.units.Unit type="Resource" ID="4" player="-1" x="0" y="0" resources="20" hitpoints="1">
    </rts.units.Unit>
    <rts.units.Unit type="Resource" ID="5" player="-1" x="9" y="9" resources="20" hitpoints="1">
    </rts.units.Unit>
    <rts.units.Unit type="Base" ID="6" player="0" x="2" y="1" resources="0" hitpoints="10">
    </rts.units.Unit>
    <rts.units.Unit type="Base" ID="7" player="1" x="7" y="8" resources="0" hitpoints="10">
    </rts.units.Unit>
    <rts.units.Unit type="Worker" ID="8" player="0" x="1" y="1" resources="0" hitpoints="1">
    </rts.units.Unit>
    <rts.units.Unit type="Worker" ID="9" player="1" x="8" y="8" resources="0" hitpoints="1">
    </rts.units.Unit>
  </units>
</rts.PhysicalGameState>
