<rts.PhysicalGameState width="6" height="3">
  <terrain>000000000000000000</terrain>
  <players>
    <rts.Player ID="0" resources="5">
    </rts.Player>
    <rts.Player ID="1" resources="5">
    </rts.Player>
  </players>
  <units>
    <rts.units.Unit type="Light" ID="36" player="0" x="0" y="0" resources="0" hitpoints="4" >
    </rts.units.Unit>
    <rts.units.Unit type="Ranged" ID="37" player="0" x="0" y="2" resources="0" hitpoints="1" >
    </rts.units.Unit>
    <rts.units.Unit type="Heavy" ID="38" player="0" x="0" y="1" resources="0" hitpoints="4" >
    </rts.units.Unit>
    <rts.units.Unit type="Light" ID="39" player="1" x="5" y="0" resources="0" hitpoints="4" >
    </rts.units.Unit>
    <rts.units.Unit type="Heavy" ID="40" player="1" x="5" y="1" resources="0" hitpoints="4" >
    </rts.units.Unit>
    <rts.units.Unit type="Ranged" ID="41" player="1" x="5" y="2" resources="0" hitpoints="1" >
    </rts.units.Unit>
  </units>
</rts.PhysicalGameState>
