<rts.PhysicalGameState width="14" height="12">
  <terrain>000000000000000000000000000000000000000000000000000000000000000000000000000000000000000000000000000000000000000000000000000000000000000000000000000000000000000000000000</terrain>
  <players>
    <rts.Player ID="0" resources="0">
    </rts.Player>
    <rts.Player ID="1" resources="0">
    </rts.Player>
  </players>
  <units>
    <rts.units.Unit type="Light" ID="148" player="0" x="2" y="1" resources="0" hitpoints="4" >
    </rts.units.Unit>
    <rts.units.Unit type="Light" ID="149" player="0" x="2" y="2" resources="0" hitpoints="4" >
    </rts.units.Unit>
    <rts.units.Unit type="Light" ID="150" player="0" x="2" y="3" resources="0" hitpoints="4" >
    </rts.units.Unit>
    <rts.units.Unit type="Light" ID="151" player="0" x="2" y="4" resources="0" hitpoints="4" >
    </rts.units.Unit>
    <rts.units.Unit type="Light" ID="152" player="0" x="2" y="5" resources="0" hitpoints="4" >
    </rts.units.Unit>
    <rts.units.Unit type="Light" ID="153" player="0" x="2" y="6" resources="0" hitpoints="4" >
    </rts.units.Unit>
    <rts.units.Unit type="Heavy" ID="154" player="0" x="1" y="1" resources="0" hitpoints="4" >
    </rts.units.Unit>
    <rts.units.Unit type="Heavy" ID="155" player="0" x="1" y="2" resources="0" hitpoints="4" >
    </rts.units.Unit>
    <rts.units.Unit type="Heavy" ID="156" player="0" x="1" y="3" resources="0" hitpoints="4" >
    </rts.units.Unit>
    <rts.units.Unit type="Heavy" ID="157" player="0" x="1" y="4" resources="0" hitpoints="4" >
    </rts.units.Unit>
    <rts.units.Unit type="Heavy" ID="158" player="0" x="1" y="5" resources="0" hitpoints="4" >
    </rts.units.Unit>
    <rts.units.Unit type="Heavy" ID="159" player="0" x="1" y="6" resources="0" hitpoints="4" >
    </rts.units.Unit>
    <rts.units.Unit type="Ranged" ID="160" player="0" x="0" y="1" resources="0" hitpoints="1" >
    </rts.units.Unit>
    <rts.units.Unit type="Ranged" ID="161" player="0" x="0" y="2" resources="0" hitpoints="1" >
    </rts.units.Unit>
    <rts.units.Unit type="Ranged" ID="162" player="0" x="0" y="3" resources="0" hitpoints="1" >
    </rts.units.Unit>
    <rts.units.Unit type="Ranged" ID="163" player="0" x="0" y="4" resources="0" hitpoints="1" >
    </rts.units.Unit>
    <rts.units.Unit type="Ranged" ID="164" player="0" x="0" y="5" resources="0" hitpoints="1" >
    </rts.units.Unit>
    <rts.units.Unit type="Ranged" ID="165" player="0" x="0" y="6" resources="0" hitpoints="1" >
    </rts.units.Unit>
    <rts.units.Unit type="Light" ID="166" player="1" x="11" y="5" resources="0" hitpoints="4" >
    </rts.units.Unit>
    <rts.units.Unit type="Light" ID="167" player="1" x="11" y="6" resources="0" hitpoints="4" >
    </rts.units.Unit>
    <rts.units.Unit type="Light" ID="168" player="1" x="11" y="7" resources="0" hitpoints="4" >
    </rts.units.Unit>
    <rts.units.Unit type="Light" ID="169" player="1" x="11" y="8" resources="0" hitpoints="4" >
    </rts.units.Unit>
    <rts.units.Unit type="Light" ID="170" player="1" x="11" y="9" resources="0" hitpoints="4" >
    </rts.units.Unit>
    <rts.units.Unit type="Light" ID="171" player="1" x="11" y="10" resources="0" hitpoints="4" >
    </rts.units.Unit>
    <rts.units.Unit type="Heavy" ID="172" player="1" x="12" y="5" resources="0" hitpoints="4" >
    </rts.units.Unit>
    <rts.units.Unit type="Heavy" ID="173" player="1" x="12" y="6" resources="0" hitpoints="4" >
    </rts.units.Unit>
    <rts.units.Unit type="Heavy" ID="174" player="1" x="12" y="7" resources="0" hitpoints="4" >
    </rts.units.Unit>
    <rts.units.Unit type="Heavy" ID="175" player="1" x="12" y="8" resources="0" hitpoints="4" >
    </rts.units.Unit>
    <rts.units.Unit type="Heavy" ID="176" player="1" x="12" y="9" resources="0" hitpoints="4" >
    </rts.units.Unit>
    <rts.units.Unit type="Heavy" ID="177" player="1" x="12" y="10" resources="0" hitpoints="4" >
    </rts.units.Unit>
    <rts.units.Unit type="Ranged" ID="178" player="1" x="13" y="5" resources="0" hitpoints="1" >
    </rts.units.Unit>
    <rts.units.Unit type="Ranged" ID="179" player="1" x="13" y="6" resources="0" hitpoints="1" >
    </rts.units.Unit>
    <rts.units.Unit type="Ranged" ID="180" player="1" x="13" y="7" resources="0" hitpoints="1" >
    </rts.units.Unit>
    <rts.units.Unit type="Ranged" ID="181" player="1" x="13" y="8" resources="0" hitpoints="1" >
    </rts.units.Unit>
    <rts.units.Unit type="Ranged" ID="182" player="1" x="13" y="9" resources="0" hitpoints="1" >
    </rts.units.Unit>
    <rts.units.Unit type="Ranged" ID="183" player="1" x="13" y="10" resources="0" hitpoints="1" >
    </rts.units.Unit>
  </units>
</rts.PhysicalGameState>
