<rts.PhysicalGameState width="9" height="8">
  <terrain>000000000000000000000000000000000000000000000000000000000000000000000000</terrain>
  <players>
    <rts.Player ID="0" resources="5">
    </rts.Player>
    <rts.Player ID="1" resources="5">
    </rts.Player>
  </players>
  <units>
    <rts.units.Unit type="Base" ID="4" player="0" x="1" y="1" resources="0" hitpoints="10" >
    </rts.units.Unit>
    <rts.units.Unit type="Base" ID="6" player="1" x="7" y="6" resources="0" hitpoints="10" >
    </rts.units.Unit>
    <rts.units.Unit type="Resource" ID="7" player="-1" x="4" y="7" resources="10" hitpoints="1" >
    </rts.units.Unit>
    <rts.units.Unit type="Resource" ID="8" player="-1" x="4" y="6" resources="10" hitpoints="1" >
    </rts.units.Unit>
    <rts.units.Unit type="Resource" ID="9" player="-1" x="4" y="5" resources="10" hitpoints="1" >
    </rts.units.Unit>
    <rts.units.Unit type="Resource" ID="10" player="-1" x="4" y="4" resources="10" hitpoints="1" >
    </rts.units.Unit>
    <rts.units.Unit type="Resource" ID="11" player="-1" x="4" y="3" resources="10" hitpoints="1" >
    </rts.units.Unit>
    <rts.units.Unit type="Resource" ID="12" player="-1" x="4" y="2" resources="10" hitpoints="1" >
    </rts.units.Unit>
    <rts.units.Unit type="Resource" ID="13" player="-1" x="4" y="1" resources="10" hitpoints="1" >
    </rts.units.Unit>
    <rts.units.Unit type="Resource" ID="14" player="-1" x="4" y="0" resources="10" hitpoints="1" >
    </rts.units.Unit>
  </units>
</rts.PhysicalGameState>
