<rts.PhysicalGameState width="9" height="8">
  <terrain>000010000000010000000010000000000000000000000000010000000010000000010000</terrain>
  <players>
    <rts.Player ID="0" resources="5">
    </rts.Player>
    <rts.Player ID="1" resources="5">
    </rts.Player>
  </players>
  <units>
    <rts.units.Unit type="Base" ID="91" player="0" x="0" y="0" resources="0" hitpoints="10" >
    </rts.units.Unit>
    <rts.units.Unit type="Base" ID="92" player="1" x="8" y="7" resources="0" hitpoints="10" >
    </rts.units.Unit>
    <rts.units.Unit type="Worker" ID="93" player="0" x="1" y="1" resources="0" hitpoints="1" >
    </rts.units.Unit>
    <rts.units.Unit type="Worker" ID="94" player="1" x="7" y="6" resources="0" hitpoints="1" >
    </rts.units.Unit>
    <rts.units.Unit type="Resource" ID="95" player="-1" x="8" y="0" resources="10" hitpoints="1" >
    </rts.units.Unit>
    <rts.units.Unit type="Resource" ID="96" player="-1" x="5" y="7" resources="10" hitpoints="1" >
    </rts.units.Unit>
    <rts.units.Unit type="Resource" ID="97" player="-1" x="3" y="0" resources="10" hitpoints="1" >
    </rts.units.Unit>
    <rts.units.Unit type="Resource" ID="98" player="-1" x="0" y="7" resources="10" hitpoints="1" >
    </rts.units.Unit>
    <rts.units.Unit type="Resource" ID="99" player="-1" x="1" y="7" resources="10" hitpoints="1" >
    </rts.units.Unit>
    <rts.units.Unit type="Resource" ID="100" player="-1" x="7" y="0" resources="10" hitpoints="1" >
    </rts.units.Unit>
    <rts.units.Unit type="Resource" ID="101" player="-1" x="4" y="3" resources="10" hitpoints="1" >
    </rts.units.Unit>
    <rts.units.Unit type="Resource" ID="102" player="-1" x="4" y="4" resources="10" hitpoints="1" >
    </rts.units.Unit>
  </units>
</rts.PhysicalGameState>
