<rts.PhysicalGameState width="8" height="8">
  <terrain>0000000000000000000000000000000000000000000000000000000000000000</terrain>
  <players>
    <rts.Player ID="0" resources="5">
    </rts.Player>
    <rts.Player ID="1" resources="5">
    </rts.Player>
  </players>
  <units>
    <rts.units.Unit type="Resource" ID="0" player="-1" x="0" y="0" resources="20" hitpoints="1" >
    </rts.units.Unit>
    <rts.units.Unit type="Resource" ID="1" player="-1" x="7" y="7" resources="20" hitpoints="1" >
    </rts.units.Unit>
    <rts.units.Unit type="Base" ID="2" player="0" x="2" y="1" resources="0" hitpoints="10" >
    </rts.units.Unit>
    <rts.units.Unit type="Base" ID="3" player="1" x="5" y="6" resources="0" hitpoints="10" >
    </rts.units.Unit>
  </units>
</rts.PhysicalGameState>
