<rts.PhysicalGameState width="18" height="8">
  <terrain>000000000000000000000000000000000000000000000000000000000000000000000000000000000000000000000000000000000000000000000000000000000000000000000000</terrain>
  <players>
    <rts.Player ID="0" resources="0">
    </rts.Player>
    <rts.Player ID="1" resources="0">
    </rts.Player>
  </players>
  <units>
    <rts.units.Unit resources="0" ID="2" hitpoints="10" y="3" x="0" player="0" type="Base"> </rts.units.Unit>
    <rts.units.Unit resources="0" ID="3" hitpoints="1" y="2" x="3" player="0" type="Ranged"> </rts.units.Unit>
	<rts.units.Unit resources="0" ID="4" hitpoints="1" y="3" x="3" player="0" type="Ranged"> </rts.units.Unit>
	<rts.units.Unit resources="0" ID="5" hitpoints="1" y="4" x="3" player="0" type="Ranged"> </rts.units.Unit>
	<rts.units.Unit resources="0" ID="6" hitpoints="4" y="2" x="2" player="0" type="Heavy"> </rts.units.Unit>
	<rts.units.Unit resources="0" ID="7" hitpoints="4" y="3" x="2" player="0" type="Heavy"> </rts.units.Unit>
	<rts.units.Unit resources="0" ID="8" hitpoints="4" y="4" x="2" player="0" type="Heavy"> </rts.units.Unit>
	<rts.units.Unit resources="0" ID="9" hitpoints="1" y="5" x="3" player="0" type="Ranged"> </rts.units.Unit>


	<rts.units.Unit resources="0" ID="32" hitpoints="10" y="3" x="17" player="1" type="Base"> </rts.units.Unit>
	<rts.units.Unit resources="0" ID="33" hitpoints="1" y="2" x="14" player="1" type="Ranged"> </rts.units.Unit>
	<rts.units.Unit resources="0" ID="34" hitpoints="1" y="3" x="14" player="1" type="Ranged"> </rts.units.Unit>
	<rts.units.Unit resources="0" ID="35" hitpoints="1" y="4" x="14" player="1" type="Ranged"> </rts.units.Unit>
	<rts.units.Unit resources="0" ID="36" hitpoints="4" y="2" x="15" player="1" type="Heavy"> </rts.units.Unit>
	<rts.units.Unit resources="0" ID="37" hitpoints="4" y="4" x="15" player="1" type="Heavy"> </rts.units.Unit>
	<rts.units.Unit resources="0" ID="38" hitpoints="4" y="3" x="15" player="1" type="Heavy"> </rts.units.Unit>
	<rts.units.Unit resources="0" ID="39" hitpoints="1" y="5" x="14" player="1" type="Ranged"> </rts.units.Unit>

	
	
  </units>
</rts.PhysicalGameState>
