<rts.PhysicalGameState width="20" height="3">
  <terrain>000000000000000000000000000000000000000000000000000000000000</terrain>
  <players>
    <rts.Player ID="0" resources="5">
    </rts.Player>
    <rts.Player ID="1" resources="5">
    </rts.Player>
  </players>
  <units>
    <rts.units.Unit type="Resource" ID="4" player="-1" x="0" y="0" resources="20" hitpoints="1" >
    </rts.units.Unit>
    <rts.units.Unit type="Resource" ID="5" player="-1" x="0" y="2" resources="20" hitpoints="1" >
    </rts.units.Unit>
    <rts.units.Unit type="Base" ID="6" player="0" x="2" y="1" resources="0" hitpoints="10" >
    </rts.units.Unit>
    <rts.units.Unit type="Resource" ID="7" player="-1" x="19" y="0" resources="20" hitpoints="1" >
    </rts.units.Unit>
    <rts.units.Unit type="Resource" ID="8" player="-1" x="19" y="2" resources="20" hitpoints="1" >
    </rts.units.Unit>
    <rts.units.Unit type="Base" ID="9" player="1" x="17" y="1" resources="0" hitpoints="10" >
    </rts.units.Unit>
    <rts.units.Unit type="Worker" ID="10" player="0" x="3" y="1" resources="0" hitpoints="1" >
    </rts.units.Unit>
    <rts.units.Unit type="Worker" ID="11" player="1" x="16" y="1" resources="0" hitpoints="1" >
    </rts.units.Unit>
  </units>
</rts.PhysicalGameState>
