<rts.PhysicalGameState width="16" height="8">
  <terrain>00001000000000000000000000000000000010000000000000001000000111011011100000010000000000000001000000000000000000000000000000010000</terrain>
  <players>
    <rts.Player ID="0" resources="5">
    </rts.Player>
    <rts.Player ID="1" resources="5">
    </rts.Player>
  </players>
  <units>
    <rts.units.Unit type="Resource" ID="1860098" player="-1" x="0" y="0" resources="20" hitpoints="1" >
    </rts.units.Unit>
    <rts.units.Unit type="Resource" ID="1860099" player="-1" x="0" y="1" resources="20" hitpoints="1" >
    </rts.units.Unit>
    <rts.units.Unit type="Resource" ID="4058591" player="-1" x="4" y="1" resources="1" hitpoints="1" >
    </rts.units.Unit>
    <rts.units.Unit type="Resource" ID="4058592" player="-1" x="1" y="4" resources="1" hitpoints="1" >
    </rts.units.Unit>
    <rts.units.Unit type="Resource" ID="4058593" player="-1" x="11" y="6" resources="1" hitpoints="1" >
    </rts.units.Unit>
    <rts.units.Unit type="Resource" ID="4058594" player="-1" x="14" y="3" resources="1" hitpoints="1" >
    </rts.units.Unit>
    <rts.units.Unit type="Resource" ID="4058595" player="-1" x="15" y="6" resources="20" hitpoints="1" >
    </rts.units.Unit>
    <rts.units.Unit type="Resource" ID="4058596" player="-1" x="15" y="7" resources="20" hitpoints="1" >
    </rts.units.Unit>
    <rts.units.Unit type="Base" ID="4058597" player="0" x="2" y="0" resources="0" hitpoints="10" >
    </rts.units.Unit>
    <rts.units.Unit type="Base" ID="4058598" player="1" x="13" y="7" resources="0" hitpoints="10" >
    </rts.units.Unit>
    <rts.units.Unit type="Worker" ID="4058599" player="1" x="14" y="7" resources="0" hitpoints="1" >
    </rts.units.Unit>
    <rts.units.Unit type="Worker" ID="4058600" player="0" x="1" y="0" resources="0" hitpoints="1" >
    </rts.units.Unit>
  </units>
</rts.PhysicalGameState>
